-- phpMyAdmin SQL Dump
-- version 3.3.8
-- http://www.phpmyadmin.net
--
-- Host: localhost
-- Generation Time: Oct 27, 2010 at 11:05 PM
-- Server version: 5.1.51
-- PHP Version: 5.3.3

SET SQL_MODE="NO_AUTO_VALUE_ON_ZERO";


/*!40101 SET @OLD_CHARACTER_SET_CLIENT=@@CHARACTER_SET_CLIENT */;
/*!40101 SET @OLD_CHARACTER_SET_RESULTS=@@CHARACTER_SET_RESULTS */;
/*!40101 SET @OLD_COLLATION_CONNECTION=@@COLLATION_CONNECTION */;
/*!40101 SET NAMES utf8 */;

--
-- Database: `naptr`
--

-- --------------------------------------------------------

--
-- Table structure for table `motag_features`
--

CREATE TABLE IF NOT EXISTS `motag_features` (
  `feature_id` int(10) unsigned NOT NULL AUTO_INCREMENT,
  `caption` varchar(3) NOT NULL,
  `description` varchar(255) NOT NULL,
  PRIMARY KEY (`feature_id`)
) ENGINE=InnoDB  DEFAULT CHARSET=utf8 COMMENT='Available features.' AUTO_INCREMENT=29 ;

--
-- Dumping data for table `motag_features`
--

INSERT INTO `motag_features` (`feature_id`, `caption`, `description`) VALUES
(1, 'U00', 'Slovní tvar na pozici x-2'),
(2, 'U01', 'Slovní tvar na pozici x-1'),
(3, 'U02', 'Slovní tvar na současné pozici'),
(4, 'U03', 'Slovní tvar na pozici x+1'),
(5, 'U04', 'Slovní tvar na pozici x+2'),
(6, 'U10', 'Značka (společné sloupce všech možných) na pozici x-2'),
(7, 'U11', 'Značka (společné sloupce všech možných) na pozici x-1'),
(8, 'U12', 'Značka (společné sloupce všech možných) na současné pozici'),
(9, 'U13', 'Značka (společné sloupce všech možných) na pozici x+1'),
(10, 'U14', 'Značka (společné sloupce všech možných) na pozici x+2'),
(11, 'U20', 'Možná lemmata na pozici x-2'),
(12, 'U21', 'Možná lemmata na pozici x-1'),
(13, 'U22', 'Možná lemmata na současné pozici'),
(14, 'U23', 'Možná lemmata na pozici x+1'),
(15, 'U24', 'Možná lemmata na pozici x+2'),
(16, 'U30', 'Přípona na pozici x-2'),
(17, 'U31', 'Přípona na pozici x-1'),
(18, 'U32', 'Přípona na současné pozici'),
(19, 'U33', 'Přípona na pozici x+1'),
(20, 'U34', 'Přípona na pozici x+2'),
(21, 'U40', 'Předpona - první písmeno slova'),
(22, 'U41', 'Předpona - první dvě písmena slova'),
(23, 'U42', 'Předpona - první tři písmena slova'),
(24, 'U43', 'Koncovka - poslední písmeno slova'),
(25, 'U50', 'Velikost písmen - celé slovo velkými písmeny, nebo malými, nebo první písmeno velké'),
(26, 'U51', 'Číslo, označující pozici ve větě'),
(27, 'U52', 'Délka slova'),
(28, 'U53', 'Značka nejbližšího slovesa ( vyhledáváno dopředu i dozadu)');

-- --------------------------------------------------------

--
-- Table structure for table `motag_remote_pcs`
--

CREATE TABLE IF NOT EXISTS `motag_remote_pcs` (
  `pc_id` bigint(20) unsigned NOT NULL AUTO_INCREMENT,
  `id` varchar(32) COLLATE utf8_unicode_ci NOT NULL,
  `caption` varchar(32) COLLATE utf8_unicode_ci NOT NULL,
  UNIQUE KEY `pc_id` (`pc_id`)
) ENGINE=MyISAM  DEFAULT CHARSET=utf8 COLLATE=utf8_unicode_ci AUTO_INCREMENT=8 ;

--
-- Dumping data for table `motag_remote_pcs`
--

INSERT INTO `motag_remote_pcs` (`pc_id`, `id`, `caption`) VALUES
(1, 'pcnlp3', 'PC Nlp 3'),
(2, 'pcnlp4', 'PC Nlp 4'),
(3, 'pcnlp5', 'PC Nlp 5'),
(4, 'pcnlp6', 'PC Nlp 6'),
(5, 'athena1', 'Athena 1'),
(6, 'athena1', 'Athena 2'),
(7, 'athena1', 'Athena 3');

-- --------------------------------------------------------

--
-- Table structure for table `motag_tests`
--

CREATE TABLE IF NOT EXISTS `motag_tests` (
  `test_id` int(10) unsigned NOT NULL AUTO_INCREMENT,
  `program` varchar(32) NOT NULL,
  `description` varchar(255) DEFAULT NULL,
  `machine` varchar(32) NOT NULL,
  `training_count` int(11) NOT NULL DEFAULT '0',
  `testing_count` int(11) NOT NULL DEFAULT '0',
  `max_iterations` int(11) DEFAULT '0',
  `regularization` varchar(32) NOT NULL,
  `label_columns` varchar(32) NOT NULL,
  `iterations` int(11) DEFAULT '0',
  `training_begin` datetime DEFAULT NULL,
  `training_finish` datetime DEFAULT NULL,
  `testing_time` int(11) DEFAULT '0',
  `word_count` int(11) DEFAULT '0',
  `label_count` int(11) DEFAULT '0',
  `features_start` int(11) DEFAULT NULL,
  `features_end` int(11) DEFAULT NULL,
  `model_size` int(11) DEFAULT '0',
  `label_success_rate` float DEFAULT NULL,
  `sentence_success_rate` float DEFAULT NULL,
  `pending` tinyint(4) DEFAULT NULL,
  PRIMARY KEY (`test_id`)
) ENGINE=InnoDB  DEFAULT CHARSET=utf8 COMMENT='Finished and pending tests.' AUTO_INCREMENT=34 ;

--
-- Dumping data for table `motag_tests`
--

INSERT INTO `motag_tests` (`test_id`, `program`, `description`, `machine`, `training_count`, `testing_count`, `max_iterations`, `regularization`, `label_columns`, `iterations`, `training_begin`, `training_finish`, `testing_time`, `word_count`, `label_count`, `features_start`, `features_end`, `model_size`, `label_success_rate`, `sentence_success_rate`, `pending`) VALUES
(1, 'crfsuite', '', 'pcnlp7', 30000, 7000, 100, 'l1', 'xxxxx--xx-------', 50, '2010-08-05 17:42:00', '2010-08-07 09:46:00', 434, 497125, 822, 2002356, 493646, 19929636, 93.72, 48.21, 0),
(2, 'crfsuite', '', 'pcnlp3', 10000, 7000, 50, 'l1', 'xxxxx--xx-------', 50, '2010-08-03 09:24:00', '2010-08-03 21:01:00', 378, 162090, 743, 905326, 280262, 8326164, 92.65, 43.02, 0),
(3, 'crfsuite', '', 'pcnlp4', 10000, 7000, 50, 'l1', 'xxxxx--xx-------', 50, '2010-08-02 21:00:00', '2010-08-03 06:52:00', 374, 162090, 743, 844254, 177223, 7668864, 87.27, 0.0797, 0),
(4, 'crfsuite', '', 'pcnlp5', 10000, 7000, 50, 'l1', 'xxxxx--xx-------', 50, '2010-08-03 00:59:00', '2010-08-03 13:51:00', 381, 162090, 743, 821208, 167380, 7485448, 86.92, 6.75, 0),
(5, 'crfsuite', '', 'pcnlp6', 10000, 7000, 50, 'l1', 'xxxxx--xx-------', 50, '2010-08-05 17:46:00', '2010-08-06 06:42:00', 363, 162090, 743, 729530, 157514, 7649020, 85.14, 6.51, 0),
(6, 'crfsuite', '', 'athena2', 100000, 7000, 50, 'l1', 'xxxxxxxxx-------', 0, NULL, NULL, 0, 0, 0, NULL, NULL, 0, NULL, NULL, 1),
(7, 'crfsuite', '', 'pcnlp4', 10000, 7000, 50, 'l1', 'xxxxx--xx-------', 50, '2010-08-03 09:20:00', '2010-08-03 20:49:00', 374, 162090, 743, 813648, 177757, 7794208, 87.41, 8.64, 0),
(8, 'crfsuite', '', 'pcnlp5', 10000, 7000, 50, 'l1', 'xxxxx--xx-------', 50, '2010-08-03 16:19:00', '2010-08-04 04:27:00', 381, 162090, 743, 903307, 190949, 8026812, 91.73, 37.84, 0),
(9, 'crfsuite', '', 'pcnlp6', 7000, 2000, 50, 'l1', 'xxxxxxxxx-------', 50, '2010-08-03 00:00:00', '2010-08-03 08:45:00', 109, 114145, 724, 705690, 1, 1, 92.37, 43.08, 0),
(10, 'crfsuite', '', 'pcnlp5', 7000, 2000, 50, 'l1', 'xxxxx--xx-------', 50, '2010-08-03 00:00:00', '2010-08-03 08:32:00', 118, 114145, 710, 701780, 1, 1, 92.57, 44.07, 0),
(11, 'crfsuite', '', 'pcnlp3', 10000, 7000, 50, 'l1', 'xxxxxxxxxxxxxx--', 50, '2010-08-03 23:45:00', '2010-08-04 22:48:00', 843, 162090, 944, 942277, 201268, 826985, 87.14, 7.28, 0),
(12, 'crfsuite', '', 'pcnlp4', 10000, 7000, 50, 'l1', 'xxxxxxxxxxxx----', 50, '2010-08-03 21:50:00', '2010-08-04 22:56:00', 849, 162090, 944, 942277, 201268, 8269852, 87.14, 7.28, 0),
(13, 'crfsuite', '', 'pcnlp7', 30000, 7000, 50, 'l1', 'xxxxx--xx-------', 50, '2010-08-03 14:59:00', '2010-08-05 04:55:00', 421, 497125, 822, 1968646, 461337, 18953540, 88.71, 7.99, 0),
(14, 'crfsuite', '', 'pcnlp5', 10000, 7000, 50, 'l1', 'xxxxx--xx-------', 50, '2010-08-05 17:55:00', '2010-08-06 06:27:00', 383, 162090, 743, 872386, 177478, 7434572, 87.22, 5.89, 0),
(15, 'crfsuite', '', 'pcnlp3', 30000, 7000, 10, 'l1', 'xxxxxxxxxxxxxx--', 10, '2010-09-07 20:31:00', '2010-09-08 15:25:00', 1141, 30000, 1078, 2086633, 1927445, 72418244, 78.66, 14.53, 0),
(16, 'crfsuite', '', 'pcnlp4', 30000, 7000, 20, 'l1', 'xxxxxxxxxxxx----', 20, '2010-09-07 20:33:00', '2010-09-09 06:24:00', 1118, 30000, 1078, 2086633, 1571906, 59145232, 91.41, 38.35, 0),
(17, 'crfsuite', '', 'pcnlp5', 30000, 7000, 30, 'l1', 'xxxxx--xx-------', 30, '2010-09-07 20:39:00', '2010-09-08 22:32:00', 601, 3000, 822, 2002356, 1100285, 42344220, 93.97, 51.45, 0),
(18, 'crfsuite', '', 'pcnlp6', 30000, 7000, 40, 'l1', 'xxxxx--xx-------', 40, '2010-09-07 20:43:00', '2010-09-09 07:07:00', 605, 30000, 822, 2002356, 746813, 29765352, 93.96, 50.11, 0),
(19, 'crfsuite', '', 'athena3', 30000, 7000, 60, 'l1', 'xxxxxxxxx-------', 60, '2010-09-07 20:50:00', '2010-09-14 09:00:00', 1067, 30000, 854, 2006673, 412986, 16834728, 88.91, 6.31, 0),
(20, 'crfsuite', '', 'athena1', 30000, 7000, 70, 'l1', 'xxxxx--xx-------', 0, NULL, NULL, 0, 0, 0, NULL, NULL, 0, NULL, NULL, 1),
(21, 'crfsuite', '', 'pcnlp3', 30000, 7000, 10, 'l1', 'xxxxx--xx-------', 10, '2010-09-14 22:03:00', '2010-09-15 09:45:00', 673, 497125, 822, 2002356, 1841799, 70273172, 79.14, 15.04, 0),
(22, 'crfsuite', '', 'pcnlp4', 30000, 7000, 20, 'l1', 'xxxxx--xx-------', 20, '2010-09-14 22:05:00', '2010-09-15 18:58:00', 675, 497125, 822, 2002356, 1500554, 57371028, 91.87, 40.15, 0),
(23, 'crfsuite', '', 'pcnlp5', 5000, 7000, 50, 'l1', 'xxxxx--xx-------', 50, '2010-09-14 22:05:00', '2010-09-15 03:35:00', 304, 83395, 671, 558871, 113149, 4751828, 91.04, 34.7, 0),
(24, 'crfsuite', '', 'pcnlp6', 15000, 7000, 50, 'l1', 'xxxxx--xx-------', 50, '2010-09-14 22:06:00', '2010-09-15 21:52:00', 544, 245214, 769, 1202680, 266245, 10990504, 87.9, 7.73, 0),
(25, 'crfsuite', '', 'athena1', 30000, 7000, 60, 'l1', 'xxxxx--xx-------', 0, NULL, NULL, 0, 0, 0, NULL, NULL, 0, NULL, NULL, 1),
(26, 'crfsuite', '', 'pcnlp3', 20000, 7000, 50, 'l1', 'xxxxx--xx-------', 50, '2010-09-16 19:35:00', '2010-09-18 05:16:00', 527, 325818, 792, 1464587, 334939, 13706360, 88.37, 8.07, 0),
(27, 'crfsuite', '', 'pcnlp4', 25000, 7000, 50, 'l1', 'xxxxx--xx-------', 50, '2010-09-16 19:34:00', '2010-09-18 16:59:00', 504, 409037, 811, 1724528, 423649, 17140200, 88.68, 8.2, 0),
(28, 'crfsuite', '', 'pcnlp5', 35000, 7000, 50, 'l1', 'xxxxx--xx-------', 50, '2010-09-16 19:39:00', '2010-09-19 04:23:00', 590, 584740, 833, 2260670, 564590, 22744448, 89.38, 10.26, 0),
(29, 'crfsuite', '', 'pcnlp6', 40000, 7000, 50, 'l1', 'xxxxx--xx-------', 50, '2010-09-16 20:11:00', '2010-09-19 15:05:00', 604, 670572, 843, 2488724, 586499, 23583752, 90.12, 15.69, 0),
(30, 'crfsuite', '', 'pcnlp3', 45000, 7000, 50, 'l1', 'xxxxx--xx-------', 50, '2010-09-27 18:36:00', '2010-10-03 03:02:00', 718, 758020, 849, 2716001, 680082, 27177664, 90.62, 18.99, 0),
(31, 'crfsuite', '', 'pcnlp4', 50000, 7000, 50, 'l1', 'xxxxx--xx-------', 0, NULL, NULL, 0, 0, 0, NULL, NULL, 0, NULL, NULL, 1),
(32, 'crfsuite', '', 'pcnlp5', 55000, 7000, 50, 'l1', 'xxxxx--xx-------', 0, NULL, NULL, 0, 0, 0, NULL, NULL, 0, NULL, NULL, 1),
(33, 'crfsuite', '', 'pcnlp6', 60000, 7000, 50, 'l1', 'xxxxx--xx-------', 0, NULL, NULL, 0, 0, 0, NULL, NULL, 0, NULL, NULL, 1);

-- --------------------------------------------------------

--
-- Table structure for table `motag_tests_features`
--

CREATE TABLE IF NOT EXISTS `motag_tests_features` (
  `test_id` int(10) unsigned NOT NULL,
  `feature_id` int(10) unsigned NOT NULL DEFAULT '0',
  PRIMARY KEY (`test_id`,`feature_id`),
  KEY `test_id` (`test_id`),
  KEY `feature_id` (`feature_id`)
) ENGINE=InnoDB DEFAULT CHARSET=utf8 COMMENT='Connection between tests and features.';

--
-- Dumping data for table `motag_tests_features`
--

INSERT INTO `motag_tests_features` (`test_id`, `feature_id`) VALUES
(1, 1),
(1, 2),
(1, 3),
(1, 4),
(1, 5),
(1, 6),
(1, 7),
(1, 8),
(1, 9),
(1, 10),
(1, 11),
(1, 12),
(1, 13),
(1, 14),
(1, 15),
(1, 16),
(1, 17),
(1, 18),
(1, 19),
(1, 20),
(1, 21),
(1, 22),
(1, 23),
(1, 24),
(1, 25),
(1, 26),
(1, 27),
(1, 28),
(2, 1),
(2, 2),
(2, 3),
(2, 4),
(2, 5),
(2, 6),
(2, 7),
(2, 8),
(2, 9),
(2, 10),
(2, 11),
(2, 12),
(2, 13),
(2, 14),
(2, 15),
(2, 16),
(2, 17),
(2, 18),
(2, 19),
(2, 20),
(2, 21),
(2, 22),
(2, 23),
(2, 24),
(2, 25),
(2, 26),
(2, 27),
(2, 28),
(3, 1),
(3, 2),
(3, 3),
(3, 4),
(3, 5),
(3, 6),
(3, 7),
(3, 8),
(3, 9),
(3, 10),
(3, 11),
(3, 12),
(3, 13),
(3, 14),
(3, 15),
(3, 16),
(3, 17),
(3, 18),
(3, 19),
(3, 20),
(3, 25),
(3, 26),
(3, 27),
(3, 28),
(4, 1),
(4, 2),
(4, 3),
(4, 4),
(4, 5),
(4, 6),
(4, 7),
(4, 8),
(4, 9),
(4, 10),
(4, 11),
(4, 12),
(4, 13),
(4, 14),
(4, 15),
(4, 16),
(4, 17),
(4, 18),
(4, 19),
(4, 20),
(5, 1),
(5, 2),
(5, 3),
(5, 4),
(5, 5),
(5, 6),
(5, 7),
(5, 8),
(5, 9),
(5, 10),
(5, 11),
(5, 12),
(5, 13),
(5, 14),
(5, 15),
(6, 1),
(6, 2),
(6, 3),
(6, 4),
(6, 5),
(6, 6),
(6, 7),
(6, 8),
(6, 9),
(6, 10),
(6, 11),
(6, 12),
(6, 13),
(6, 14),
(6, 15),
(6, 16),
(6, 17),
(6, 18),
(6, 19),
(6, 20),
(6, 21),
(6, 22),
(6, 23),
(6, 24),
(6, 25),
(6, 26),
(6, 27),
(6, 28),
(7, 1),
(7, 2),
(7, 3),
(7, 4),
(7, 5),
(7, 6),
(7, 7),
(7, 8),
(7, 9),
(7, 10),
(7, 11),
(7, 12),
(7, 13),
(7, 14),
(7, 15),
(7, 21),
(7, 22),
(7, 23),
(7, 24),
(7, 25),
(7, 26),
(7, 27),
(7, 28),
(8, 1),
(8, 2),
(8, 3),
(8, 4),
(8, 5),
(8, 6),
(8, 7),
(8, 8),
(8, 9),
(8, 10),
(8, 11),
(8, 12),
(8, 13),
(8, 14),
(8, 15),
(8, 16),
(8, 17),
(8, 18),
(8, 19),
(8, 20),
(8, 21),
(8, 22),
(8, 23),
(8, 25),
(8, 26),
(8, 27),
(8, 28),
(9, 1),
(9, 2),
(9, 3),
(9, 4),
(9, 5),
(9, 6),
(9, 7),
(9, 8),
(9, 9),
(9, 10),
(9, 11),
(9, 12),
(9, 13),
(9, 14),
(9, 15),
(9, 16),
(9, 17),
(9, 18),
(9, 19),
(9, 20),
(9, 21),
(9, 22),
(9, 23),
(9, 24),
(9, 25),
(9, 26),
(9, 27),
(9, 28),
(10, 1),
(10, 2),
(10, 3),
(10, 4),
(10, 5),
(10, 6),
(10, 7),
(10, 8),
(10, 9),
(10, 10),
(10, 11),
(10, 12),
(10, 13),
(10, 14),
(10, 15),
(10, 16),
(10, 17),
(10, 18),
(10, 19),
(10, 20),
(10, 21),
(10, 22),
(10, 23),
(10, 24),
(10, 25),
(10, 26),
(10, 28),
(11, 1),
(11, 2),
(11, 3),
(11, 4),
(11, 5),
(11, 6),
(11, 7),
(11, 8),
(11, 9),
(11, 10),
(11, 11),
(11, 12),
(11, 13),
(11, 14),
(11, 15),
(11, 16),
(11, 17),
(11, 18),
(11, 19),
(11, 20),
(11, 21),
(11, 22),
(11, 23),
(11, 24),
(11, 25),
(11, 26),
(11, 27),
(11, 28),
(12, 1),
(12, 2),
(12, 3),
(12, 4),
(12, 5),
(12, 6),
(12, 7),
(12, 8),
(12, 9),
(12, 10),
(12, 11),
(12, 12),
(12, 13),
(12, 14),
(12, 15),
(12, 16),
(12, 17),
(12, 18),
(12, 19),
(12, 20),
(12, 21),
(12, 22),
(12, 23),
(12, 24),
(12, 25),
(12, 26),
(12, 27),
(12, 28),
(13, 1),
(13, 2),
(13, 3),
(13, 4),
(13, 5),
(13, 6),
(13, 7),
(13, 8),
(13, 9),
(13, 10),
(13, 11),
(13, 12),
(13, 13),
(13, 14),
(13, 15),
(13, 16),
(13, 17),
(13, 18),
(13, 19),
(13, 20),
(13, 21),
(13, 22),
(13, 23),
(13, 24),
(14, 1),
(14, 2),
(14, 3),
(14, 4),
(14, 5),
(14, 6),
(14, 7),
(14, 8),
(14, 9),
(14, 10),
(14, 11),
(14, 12),
(14, 13),
(14, 14),
(14, 15),
(14, 16),
(14, 17),
(14, 18),
(14, 19),
(14, 20),
(14, 21),
(14, 22),
(14, 24),
(14, 25),
(14, 26),
(14, 27),
(14, 28),
(15, 1),
(15, 2),
(15, 3),
(15, 4),
(15, 5),
(15, 6),
(15, 7),
(15, 8),
(15, 9),
(15, 10),
(15, 11),
(15, 12),
(15, 13),
(15, 14),
(15, 15),
(15, 16),
(15, 17),
(15, 18),
(15, 19),
(15, 20),
(15, 21),
(15, 22),
(15, 23),
(15, 24),
(15, 25),
(15, 26),
(15, 27),
(15, 28),
(16, 1),
(16, 2),
(16, 3),
(16, 4),
(16, 5),
(16, 6),
(16, 7),
(16, 8),
(16, 9),
(16, 10),
(16, 11),
(16, 12),
(16, 13),
(16, 14),
(16, 15),
(16, 16),
(16, 17),
(16, 18),
(16, 19),
(16, 20),
(16, 21),
(16, 22),
(16, 23),
(16, 24),
(16, 25),
(16, 26),
(16, 27),
(16, 28),
(17, 1),
(17, 2),
(17, 3),
(17, 4),
(17, 5),
(17, 6),
(17, 7),
(17, 8),
(17, 9),
(17, 10),
(17, 11),
(17, 12),
(17, 13),
(17, 14),
(17, 15),
(17, 16),
(17, 17),
(17, 18),
(17, 19),
(17, 20),
(17, 21),
(17, 22),
(17, 23),
(17, 24),
(17, 25),
(17, 26),
(17, 27),
(17, 28),
(18, 1),
(18, 2),
(18, 3),
(18, 4),
(18, 5),
(18, 6),
(18, 7),
(18, 8),
(18, 9),
(18, 10),
(18, 11),
(18, 12),
(18, 13),
(18, 14),
(18, 15),
(18, 16),
(18, 17),
(18, 18),
(18, 19),
(18, 20),
(18, 21),
(18, 22),
(18, 23),
(18, 24),
(18, 25),
(18, 26),
(18, 27),
(18, 28),
(19, 1),
(19, 2),
(19, 3),
(19, 4),
(19, 5),
(19, 6),
(19, 7),
(19, 8),
(19, 9),
(19, 10),
(19, 11),
(19, 12),
(19, 13),
(19, 14),
(19, 15),
(19, 16),
(19, 17),
(19, 18),
(19, 19),
(19, 20),
(19, 21),
(19, 22),
(19, 23),
(19, 24),
(19, 25),
(19, 26),
(19, 27),
(19, 28),
(20, 1),
(20, 2),
(20, 3),
(20, 4),
(20, 5),
(20, 6),
(20, 7),
(20, 8),
(20, 9),
(20, 10),
(20, 11),
(20, 12),
(20, 13),
(20, 14),
(20, 15),
(20, 16),
(20, 17),
(20, 18),
(20, 19),
(20, 20),
(20, 21),
(20, 22),
(20, 23),
(20, 24),
(20, 25),
(20, 26),
(20, 27),
(20, 28),
(21, 1),
(21, 2),
(21, 3),
(21, 4),
(21, 5),
(21, 6),
(21, 7),
(21, 8),
(21, 9),
(21, 10),
(21, 11),
(21, 12),
(21, 13),
(21, 14),
(21, 15),
(21, 16),
(21, 17),
(21, 18),
(21, 19),
(21, 20),
(21, 21),
(21, 22),
(21, 23),
(21, 24),
(21, 25),
(21, 26),
(21, 27),
(21, 28),
(22, 1),
(22, 2),
(22, 3),
(22, 4),
(22, 5),
(22, 6),
(22, 7),
(22, 8),
(22, 9),
(22, 10),
(22, 11),
(22, 12),
(22, 13),
(22, 14),
(22, 15),
(22, 16),
(22, 17),
(22, 18),
(22, 19),
(22, 20),
(22, 21),
(22, 22),
(22, 23),
(22, 24),
(22, 25),
(22, 26),
(22, 27),
(22, 28),
(23, 1),
(23, 2),
(23, 3),
(23, 4),
(23, 5),
(23, 6),
(23, 7),
(23, 8),
(23, 9),
(23, 10),
(23, 11),
(23, 12),
(23, 13),
(23, 14),
(23, 15),
(23, 16),
(23, 17),
(23, 18),
(23, 19),
(23, 20),
(23, 21),
(23, 22),
(23, 23),
(23, 24),
(23, 25),
(23, 26),
(23, 27),
(23, 28),
(24, 1),
(24, 2),
(24, 3),
(24, 4),
(24, 5),
(24, 6),
(24, 7),
(24, 8),
(24, 9),
(24, 10),
(24, 11),
(24, 12),
(24, 13),
(24, 14),
(24, 15),
(24, 16),
(24, 17),
(24, 18),
(24, 19),
(24, 20),
(24, 21),
(24, 22),
(24, 23),
(24, 24),
(24, 25),
(24, 26),
(24, 27),
(24, 28),
(25, 1),
(25, 2),
(25, 3),
(25, 4),
(25, 5),
(25, 6),
(25, 7),
(25, 8),
(25, 9),
(25, 10),
(25, 11),
(25, 12),
(25, 13),
(25, 14),
(25, 15),
(25, 16),
(25, 17),
(25, 18),
(25, 19),
(25, 20),
(25, 21),
(25, 22),
(25, 23),
(25, 24),
(25, 25),
(25, 26),
(25, 27),
(25, 28),
(26, 1),
(26, 2),
(26, 3),
(26, 4),
(26, 5),
(26, 6),
(26, 7),
(26, 8),
(26, 9),
(26, 10),
(26, 11),
(26, 12),
(26, 13),
(26, 14),
(26, 15),
(26, 16),
(26, 17),
(26, 18),
(26, 19),
(26, 20),
(26, 21),
(26, 22),
(26, 23),
(26, 24),
(26, 25),
(26, 26),
(26, 27),
(26, 28),
(27, 1),
(27, 2),
(27, 3),
(27, 4),
(27, 5),
(27, 6),
(27, 7),
(27, 8),
(27, 9),
(27, 10),
(27, 11),
(27, 12),
(27, 13),
(27, 14),
(27, 15),
(27, 16),
(27, 17),
(27, 18),
(27, 19),
(27, 20),
(27, 21),
(27, 22),
(27, 23),
(27, 24),
(27, 25),
(27, 26),
(27, 27),
(27, 28),
(28, 1),
(28, 2),
(28, 3),
(28, 4),
(28, 5),
(28, 6),
(28, 7),
(28, 8),
(28, 9),
(28, 10),
(28, 11),
(28, 12),
(28, 13),
(28, 14),
(28, 15),
(28, 16),
(28, 17),
(28, 18),
(28, 19),
(28, 20),
(28, 21),
(28, 22),
(28, 23),
(28, 24),
(28, 25),
(28, 26),
(28, 27),
(28, 28),
(29, 1),
(29, 2),
(29, 3),
(29, 4),
(29, 5),
(29, 6),
(29, 7),
(29, 8),
(29, 9),
(29, 10),
(29, 11),
(29, 12),
(29, 13),
(29, 14),
(29, 15),
(29, 16),
(29, 17),
(29, 18),
(29, 19),
(29, 20),
(29, 21),
(29, 22),
(29, 23),
(29, 24),
(29, 25),
(29, 26),
(29, 27),
(29, 28),
(30, 1),
(30, 2),
(30, 3),
(30, 4),
(30, 5),
(30, 6),
(30, 7),
(30, 8),
(30, 9),
(30, 10),
(30, 11),
(30, 12),
(30, 13),
(30, 14),
(30, 15),
(30, 16),
(30, 17),
(30, 18),
(30, 19),
(30, 20),
(30, 21),
(30, 22),
(30, 23),
(30, 24),
(30, 25),
(30, 26),
(30, 27),
(30, 28),
(31, 1),
(31, 2),
(31, 3),
(31, 4),
(31, 5),
(31, 6),
(31, 7),
(31, 8),
(31, 9),
(31, 10),
(31, 11),
(31, 12),
(31, 13),
(31, 14),
(31, 15),
(31, 16),
(31, 17),
(31, 18),
(31, 19),
(31, 20),
(31, 21),
(31, 22),
(31, 23),
(31, 24),
(31, 25),
(31, 26),
(31, 27),
(31, 28),
(32, 1),
(32, 2),
(32, 3),
(32, 4),
(32, 5),
(32, 6),
(32, 7),
(32, 8),
(32, 9),
(32, 10),
(32, 11),
(32, 12),
(32, 13),
(32, 14),
(32, 15),
(32, 16),
(32, 17),
(32, 18),
(32, 19),
(32, 20),
(32, 21),
(32, 22),
(32, 23),
(32, 24),
(32, 25),
(32, 26),
(32, 27),
(32, 28),
(33, 1),
(33, 2),
(33, 3),
(33, 4),
(33, 5),
(33, 6),
(33, 7),
(33, 8),
(33, 9),
(33, 10),
(33, 11),
(33, 12),
(33, 13),
(33, 14),
(33, 15),
(33, 16),
(33, 17),
(33, 18),
(33, 19),
(33, 20),
(33, 21),
(33, 22),
(33, 23),
(33, 24),
(33, 25),
(33, 26),
(33, 27),
(33, 28);
